{"loss": [1.4133143424987793, 0.46230268478393555, 0.2829112112522125, 0.19230830669403076, 0.14011113345623016, 0.11035981774330139, 0.08962579816579819, 0.07565408200025558, 0.06322237104177475, 0.05540419742465019], "accuracy": [0.5852336287498474, 0.8534746170043945, 0.9093961119651794, 0.9373497366905212, 0.9536809325218201, 0.9634255766868591, 0.9705811142921448, 0.9757593274116516, 0.9795291423797607, 0.9826730489730835], "val_loss": [0.5330235958099365, 0.31087157130241394, 0.1923869550228119, 0.18025784194469452, 0.15172529220581055, 0.14087113738059998, 0.17097629606723785, 0.11896135658025742, 0.1475096344947815, 0.2111058384180069], "val_accuracy": [0.833655834197998, 0.8995561003684998, 0.937684953212738, 0.9423514604568481, 0.9527657628059387, 0.9545868635177612, 0.9494081735610962, 0.9647166132926941, 0.9583427906036377, 0.9429774880409241]}